Age,Total_Purchase,Account_Manager,Years,Num_Sites,Churn,Customer_ID (1),Customer_ID (2),Company,Location
46,10469.5,0,6.54,10,0,1,Andrea Warner,Bailey LLC,"753 Hernandez Pines Apt. 505 North Manuelstad, MI 14141-9782"
34,10674.92,1,3.09,9,0,2,Tracy Ray,Wise Inc,Unit 3715 Box 1153 DPO AA 36768-7501
40,7642.2,0,5.04,9,0,3,Latasha Schwartz,Chambers-Wyatt,"90098 Lloyd Drive North Johnside, AR 39045-5361"
55,10056.55,0,4.98,8,0,4,Aaron West,"Cruz, Russell and Boyd","071 Schmidt Locks Apt. 070 West Jessica, OK 60879-6593"
37,13498.28,1,7.06,9,0,5,Tabitha Love,Stein PLC,"8308 Rhodes Crest Apt. 745 Beckyfurt, KS 20974-1928"
46,9171.56,1,5.02,8,0,6,Jessica Howard,Mullins Ltd,"8486 Brandon Fall Apt. 024 Matthewberg, SC 32892-2661"
38,9826.29,0,4.93,8,0,7,Brandi Bryan,"Graham, Wilson and Rios","502 Kenneth Trace Apt. 355 Huntshire, HI 51078"
32,9885.12,1,6.92,9,1,8,Zachary Walsh,Singh-Cole,"25271 Roy Expressway Suite 147 Brownport, FM 59852-6150"
42,6635.19,0,6.68,11,1,9,Stephen Callahan,Shaw-Rivera,USS Booth FPO AP 73462
37,8316.89,0,3.6,8,0,10,Barbara Watkins,"Benitez, Durham and Lee","86043 Michael Ridge Lindseyland, SD 36903-4426"
51,4992.6,0,3.85,8,0,11,Daniel Brown,Mosley Ltd,"701 Alan Corners Port George, KY 15579-3799"
53,13655.59,1,2.05,10,1,12,John Thomas,"Sanchez, Carter and Gross","342 Jensen Dam West Kylehaven, PW 89702-0398"
39,10413.93,0,3.75,11,0,13,Martin Williams MD,Valdez Group,"9373 Carpenter Spur Michellebury, UT 07973"
44,8917.57,0,4.28,6,0,14,Patricia Combs,Mcintosh LLC,Unit 1984 Box 6538 DPO AE 54529-1395
45,12056.18,0,5.46,4,0,15,Ana Smith,Schneider-Smith,Unit 8633 Box 8738 DPO AA 14126-5026
35,11391.46,1,7.59,10,0,16,Jodi Thompson,Soto PLC,"4379 Sandoval Stravenue Suite 998 New Ryanberg, NM 05443-2529"
30,7960.64,1,2.72,10,1,17,Robin Rowe,"Bradley, Mejia and Williams","87953 Fuller Turnpike Apt. 510 Russellstad, AZ 32784-9434"
46,12200.31,0,6.62,10,1,18,Travis Ellis,Ramirez-Mendoza,"730 Doris Drive Suite 569 Port Adam, KY 42352"
43,12531.39,0,3.97,6,0,19,Michelle Roberts,Marshall-Ho,"5351 Ford Pike Apt. 399 Ericshire, IA 72849-0011"
38,12020.62,0,4.41,8,0,20,Teresa Bean,Garza LLC,"4962 Christian Squares North Belinda, OK 98156-7957"
41,9014.9,1,4.45,7,0,21,Anthony Mooney,Knight-Price,"9131 Russell Court Suite 160 South Michellefurt, PW 79597"
43,12078.39,1,6.06,6,0,22,Betty Bowers,Davis Ltd,"79062 Henson Expressway Williamsview, PR 54326-7935"
40,9521.35,0,5.8,9,0,23,Andrea Ortiz,"Barron, Tapia and Black","7645 Huff Lights Suite 209 Stephenmouth, GA 01888"
34,12760.01,0,3.87,8,0,24,Scott Ingram,Carlson-Johnson,"574 Lee Corners Apt. 841 Russellborough, NV 32119"
40,12455.75,1,6.64,9,0,25,Amanda Moore,"Green, Jackson and Green","356 Vickie Vista North Michaelstad, WA 26856"
37,8818.03,1,2.89,9,0,26,Bradley Chambers,Wilson LLC,"PSC 6159, Box 4526 APO AA 00585"
41,8021.05,1,3.16,9,0,27,David Sanders,Wilson PLC,Unit 6283 Box 6735 DPO AP 09454-8286
45,11170.06,1,7.76,10,1,28,David Kennedy,Williams-Hoffman,"56990 Laurie Gardens Suite 145 West Tara, AZ 24389"
28,11245.38,0,6.72,8,0,29,Caitlin Johnston,Yang Ltd,"42425 John Estates Lake Jonathanshire, NJ 46554"
34,7324.32,0,6.69,10,0,30,David Sweeney,"Adams, Dominguez and Vasquez","755 Ashley Motorway Suite 227 West Rachel, NH 67933-7552"
38,12893.47,1,5.69,5,0,31,Beverly Perry,Mathis Ltd,"3145 Cruz Mill North Deborahstad, AR 02085"
36,10448.09,0,4.13,8,0,32,Adriana James,"Doyle, Butler and Coleman",USNV Ferguson FPO AP 58507
48,10528.71,0,5,9,0,33,David Lopez,Good Inc,"1630 Robert Points Apt. 793 East Jonathonberg, NH 78592-4122"
36,9993.5,0,6.6,6,0,34,Michael Lopez,"May, King and Murray","6626 Samantha Port Apt. 143 West Jennifermouth, SC 62851"
51,10323.07,1,7.03,9,0,35,Donald Barrett,Zhang-Brown,"107 Melissa Manors Suite 419 East Teresashire, ME 40421-3419"
34,9919.38,0,4.43,8,0,36,Victoria Shaffer,Green LLC,"2776 Maxwell Falls Lake Brian, MP 68585-6704"
46,10406.58,0,7.24,11,0,37,Dalton Sexton,"Hall, Taylor and Charles","91864 Tommy Manor Suite 933 East Tyrone, MN 86821"
32,5756.12,0,5.9,8,0,38,Troy Ochoa,Roberts-Schaefer,"35985 Strong Islands South Kennethshire, LA 68247-0544"
38,10026.44,1,6.85,9,0,39,Thomas Mcintosh,Garrett Ltd,"510 Alexander Pike New Scottfort, NV 46217-8559"
40,12919.92,0,4.23,11,0,40,Angela Holloway,Ray-Rodriguez,"7488 Dana Mountain Suite 133 Lake Desireeport, MD 40139-0534"
26,8787.39,1,5.42,11,1,41,Hunter Rivera,"Tate, Hall and Moreno","233 Mark Vista New Russellbury, AZ 08810"
47,7222.35,0,6.41,11,1,42,Kenneth Bryant,Davis and Sons,"274 Randy Ports Apt. 228 Gomezside, KY 96667-1028"
45,9951.97,1,4.4,6,0,43,Amy Morris,"Patel, Smith and Campos","017 Gutierrez Fork New Benjamin, VA 99400"
38,6638.87,1,5.61,8,0,44,Tammy Kelley,Smith and Sons,"41822 Wright Loop Apt. 718 West Kendrabury, CO 10948-4798"
47,9101.71,0,4.11,6,0,45,Brendan Garcia,"Arnold, Skinner and Strickland",USS Reed FPO AE 89292-3816
39,8677.62,0,5.2,7,0,46,Carol Bush,Miller-Morgan,"210 Ray Estates East Debbie, SD 40157-2687"
44,9446.84,0,4.59,10,0,47,Christina Farmer,Gutierrez-Doyle,"95806 Fuller Crossroad Suite 269 Lake Denise, VA 86649"
34,13672.54,0,6.05,6,0,48,Hannah Mack,"Phillips, Shepherd and Davis","412 Martin Village Apt. 913 Debbieside, NH 82863"
45,5347.74,1,5.62,10,0,49,Richard Underwood,Gamble Ltd,"366 Jeremy Bypass North Kristin, NE 62364-9040"
44,12227.39,0,6.46,7,0,50,Vanessa Romero,"Smith, Wilson and Reeves","6571 Barbara Junctions Buckleychester, PA 35917-7024"
35,13035.91,1,5.51,6,0,51,Charles Schultz,Vargas and Sons,"PSC 1774, Box 1074 APO AA 11178-4877"
51,10269.97,1,4.85,8,0,52,Christina Martin,"Carroll, Green and Jones","43807 Barnes Bridge Lake Richardport, AR 10206-6207"
33,12638.51,1,5.01,8,0,53,Michelle Davis,Watts-Kennedy,"9180 Amanda Prairie Apt. 887 Grayborough, WA 18335"
42,11670.32,0,5.51,7,0,54,Kenneth Wilkerson,"Aguilar, Kelly and Fuentes",Unit 8005 Box 5636 DPO AA 90315-7695
44,10309.15,1,6.35,9,0,55,Penny Perez,Davis-Travis,"725 Stephanie Springs Apt. 350 South Brianbury, MP 98006"
46,13383.25,1,5.27,9,0,56,Thomas Brown,Brown-Estrada,"5098 Daniel Village Apt. 434 North Josephmouth, NJ 26103-2939"
37,8614.75,0,5.03,9,0,57,Amanda Williams,Jones-Fisher,"79676 Johnson Villages Apt. 089 Reyesstad, DC 78510"
43,6098.15,0,3.74,8,0,58,Roy Marshall,"Harrison, Cox and Russell","55334 William Square Kaylaland, TN 06847-1171"
40,8801.13,0,7.52,6,0,59,Douglas Acosta,"Clayton, Ferrell and Gaines","81459 Sarah Brook Suite 370 Lake Michael, MA 20035-7310"
39,10292.19,0,4.99,8,0,60,Kristen Terry,Rodriguez Group,"2091 Antonio Tunnel Apt. 841 Gibsonburgh, GU 98706"
39,10268.87,1,3.68,6,0,61,Connie Golden,Brown-Wagner,"3324 Gomez Knolls Suite 591 Farmerchester, LA 37647"
40,12542.76,1,5.03,8,0,62,Kenneth Sanchez,Kelly Ltd,"832 Rachael Fort Suite 115 Lake Danielville, IL 18568-3278"
53,5515.09,0,6.85,8,1,63,Lindsay Martin,Villanueva LLC,"69203 Crosby Divide Apt. 878 Parkerview, AZ 87064"
48,13597.5,0,6.45,8,0,64,Kara Barnett,Roberson Group,"5248 Cameron Ridges Suite 289 East Jeffreyport, MP 00728"
48,7778.73,1,4.18,8,0,65,Brian White,"Martinez, Ochoa and Jennings","PSC 1209, Box 3739 APO AE 03896"
46,7876.84,1,6.41,10,0,66,Edward Rhodes,Walker and Sons,"56573 Emily Falls Apt. 917 Simpsontown, VA 11466-4489"
42,10527.52,1,8.42,8,0,67,Shawn Ramirez,"Gilbert, Bennett and Lindsey","7873 Trevino Tunnel Angelamouth, CA 84280"
28,11128.95,1,5.12,8,0,68,Scott Love,Williams-Johnson,Unit 7738 Box 0206 DPO AA 88767-0662
42,10276.33,1,6.54,11,1,69,Nathan Gross,"Robinson, Brown and Stephens","1136 Beasley Mountains Apt. 622 Smithton, AZ 09411-9465"
40,12401.58,1,5.75,9,0,70,Megan Avila,"Roberts, Edwards and Young",Unit 6546 Box 3116 DPO AE 29548
41,13190.3,1,7.38,10,1,71,Dakota Williams,"Hughes, Evans and Richardson","22194 Hernandez Roads Hubbardville, AZ 97331-5191"
48,8863.36,0,6.35,7,0,72,Beth Fitzgerald,"Gonzalez, Gilbert and Wall","63692 Lucas Neck Apt. 112 North Kevinshire, NH 24241-9525"
52,8185.22,1,5.76,8,0,73,Francisco Martinez,"Washington, Watson and Jarvis","842 Hebert Wells Suite 823 North Tina, WI 75284-1996"
37,11523.63,1,3.56,7,0,74,Holly Caldwell,"Spencer, Young and Shaw","020 Amy Groves Suite 845 Phillipsport, AL 40594"
36,8514.8,1,4.01,11,0,75,Paula Willis,Flores-Ochoa,"8191 Lopez Prairie Apt. 038 Cookefurt, DE 64637-6065"
41,10179.92,1,5.97,10,1,76,Laura Fleming,"Knight, Hammond and Mccoy","7023 Courtney Lodge Suite 935 Coxtown, NE 89508"
38,9624.18,0,5.53,12,1,77,Erica Flores,Carey Ltd,"421 Kevin Shoal Grahamport, AZ 11504"
44,10965.95,1,4.11,8,0,78,Amber Carr,"Davis, Mccormick and Carson","95266 Mary Fort West Kennethmouth, WV 43523"
49,10522.21,0,7.25,14,1,79,Brian Young,Munoz Ltd,Unit 6711 Box 7964 DPO AZ 27820
40,10606.97,1,4.11,10,0,80,Jason Hebert,Hawkins-Escobar,"26996 Nicole Ridge Suite 342 Lake Robertside, OK 04293"
34,9401.99,1,8.25,9,0,81,Rodney Miller,"Leonard, Martinez and Bush","10592 Kimberly Fields Suite 700 New Ericchester, GA 52658-8666"
50,12682.9,0,4.58,10,1,82,Brittany Jackson,Mcdonald-Cooper,"082 Roth Island Daniellefurt, DE 69027-7185"
48,6783.99,1,3.89,8,0,83,Douglas Lee,"Jensen, Morton and Edwards","088 Ayala Crossroad Lindafurt, MI 82946-5835"
37,14595.51,1,3.83,12,0,84,Manuel Hill,"Hill, Abbott and Wu","7589 Munoz Mountain Port Gina, VI 08937-6155"
48,12810.16,0,2.21,10,0,85,Andrew Gates,"Conner, Brown and Johnson","779 Jeremy Road Port Ryan, CO 89095-3953"
31,8829.83,1,4.52,8,0,86,Jessica Hernandez,Hunt-Whitaker,"6113 Jerome Locks North Trevormouth, GA 25773"
39,11159.46,0,3.95,11,0,87,Jennifer Hernandez,"Howe, Carpenter and Washington","1526 Jessica Corner Suite 592 Lindsayshire, OH 56989-0550"
46,13725.55,0,5.09,9,1,88,Kathryn Ponce,"Cochran, Molina and Higgins","43798 Jones Garden Apt. 027 Monicashire, ND 82344"
41,12247.91,0,5.08,9,0,89,Brandy Martinez,Smith Ltd,USNV Mcgee FPO AA 17726-1322
38,11758.69,0,6.97,11,1,90,Cody Williams,"Farley, Clark and Peterson",USNS Lewis FPO AE 38853
37,11517.19,1,8.34,11,0,91,Bailey Carroll,Lutz Inc,"3738 Kiara Rue Suite 215 South Connor, VA 29347"
51,10978.16,1,6.95,11,1,92,Mrs. Melinda Davila,Perry and Sons,"5843 Byrd Corner Monicaport, SC 44357"
37,10565.59,0,4.76,10,0,93,Curtis Robinson,Pearson-Gonzales,"59027 Andrea Neck Apt. 438 North Makaylaside, OR 67470-1233"
36,6330.43,1,5.43,7,1,94,Mr. Jerome Dawson,Oconnell LLC,"675 Jones Viaduct Samanthastad, AZ 88716-7510"
43,12104.25,0,5.86,7,1,95,Chelsea Ward,"Hatfield, Johnson and George","5279 Grace Mountain Loriland, AZ 83900"
52,9782.83,0,3.96,7,0,96,Rachel Cherry,"Bishop, Tran and Pope","3479 Stewart Way Sandersside, ID 69317-8759"
36,13472.79,1,4.77,8,0,97,Jessica Johnson,Young and Sons,"PSC 8132, Box 3379 APO AA 45232-2030"
52,11093.87,0,4.38,5,0,98,Timothy Mcdonald,Smith-Hawkins,"6685 Marie Unions Suite 385 West Kevinfort, MS 77092-9463"
44,10526.18,0,7.67,9,0,99,Isaiah Noble,Taylor-Bradley,"08820 Foster Via Suite 564 Barkerview, ME 82495-3527"
42,12989.06,0,5,10,0,100,Whitney Beasley,Knight Inc,"PSC 3448, Box 5424 APO AE 92778-0504"
39,13532.85,1,5.63,9,0,101,Destiny Steele,Hall LLC,"0784 Arnold Mountains Apt. 356 Thompsonview, IL 54999-9574"
39,9353.38,0,4.06,7,0,102,Lisa Burton,Smith-Alexander,Unit 9800 Box 2878 DPO AA 75157
43,6065.64,1,4.86,7,0,103,Jessica Morris,Hernandez Ltd,"69465 Murphy Harbor Bishopchester, MP 09567"
48,11555.21,1,4.45,8,0,104,Andrew Hester,Woodward-Bruce,"614 Wilson Extensions New Richardshire, AK 59247"
32,8617.98,1,6.2,10,1,105,Kathy Johnson,Jordan-Murphy,"570 Smith Mountains Hunterview, OK 46533"
43,8914.46,0,6.49,7,0,106,Jessica Hudson,"Smith, Marshall and Conway","7255 Weber Port Davischester, ND 95345-7872"
35,9381.12,1,6.78,11,1,107,Jennifer Wood,"Clark, Campbell and Armstrong","1493 Phillips Haven Lake William, FM 00995-2870"
32,7896.65,0,7.12,8,0,108,Michael White,Hawkins-Mckay,"48465 Susan Summit Suite 561 Hawkinston, WY 60818"
40,11185.62,0,6.26,12,1,109,Adam Waters,Reed Ltd,"6040 Juan Forge Parrishville, AZ 27948"
38,7097.52,1,4.68,6,0,110,James Velazquez,"Williams, Wilcox and Mitchell","91449 Warren Land Hallberg, SD 39520-2416"
41,9771.22,0,5.81,11,1,111,Dean Miller,Parks-Bradley,"803 Kelli Crossing Apt. 169 Jimenezberg, AZ 56530-4240"
44,9815.03,1,4.9,9,0,112,Adam Harris,"Smith, Oconnor and Brown","40488 Michael Forge Lake Heatherbury, OK 21867"
53,9683.85,0,5.89,8,0,113,Nathan Hammond,"Smith, Burke and Gonzales","731 Danielle Roads Suite 482 Lisaburgh, ME 92139"
36,9793.42,0,5.98,9,1,114,Patricia Elliott,Ortiz Ltd,"9072 Martinez Squares Suite 404 New Emilystad, AZ 26441-4895"
42,6623.97,0,5.4,8,0,115,Charles Mcgrath,Adams-Gibbs,"324 Krista Springs South Antoniohaven, ME 39849"
44,11091.21,0,5.9,10,1,116,Seth Lopez,Hodges LLC,Unit 2311 Box 4695 DPO AZ 98374
44,9063.16,1,4.76,8,0,117,Nancy Bartlett,Porter-Dunn,"862 Parks Center Apt. 794 Barrfort, NV 83967-0913"
55,8270.52,1,5.15,8,0,118,Benjamin Davenport,Morris Group,"7834 Day Garden Petersonburgh, ME 76865-5379"
36,12284.58,1,5.7,9,0,119,Lori Jackson,Webb PLC,"19131 Robinson Mission Apt. 384 Smithview, AS 99303"
41,14216.37,1,1.81,8,0,120,Teresa Higgins,Martin PLC,"34494 Luke Gateway Apt. 508 East Jason, WV 91110"
42,12975.35,1,4.47,7,0,121,Stephanie Martinez,"Nash, Grant and Chen","533 Smith Hills South Antonioview, WA 32566-3457"
52,13368.21,1,4.09,9,0,122,John Gardner,"Sherman, Lopez and Moran","16214 Henry Mission Pearsonside, PR 88434"
40,11764.35,1,5.54,9,0,123,Timothy Jacobs,Lawson-Jones,"835 Potter Field Apt. 413 Port Kristina, IL 58467"
45,8099.29,1,5.66,10,1,124,Timothy Harvey,"Scott, Ward and Brown","6596 Ronald Union West Courtney, ND 47185"
37,10076.71,0,6.5,7,0,125,Taylor Brown,"Villanueva, Woods and Johnson","996 Lopez Place Davidfurt, SD 52712-6329"
44,10157.21,0,6.14,7,0,126,Cristian Sanchez,Thornton and Sons,"78444 Carla Ports Suite 763 Savagechester, IL 62536"
45,8213.41,1,7.35,11,1,127,Doris Wilkins,"Andrews, Adams and Davis","28216 Wright Mount Apt. 356 Alichester, DE 40999-2369"
37,8397.41,0,5.59,12,1,128,Dr. Kylie Mccann,Shepherd LLC,"150 Steven Center Port Randallshire, SC 42333-2817"
35,10166.67,0,4.65,10,0,129,Darren Chavez,"Hatfield, Lane and Solomon","PSC 5667, Box 8312 APO AP 00654"
53,13173.82,0,5.26,7,0,130,Diane Terry,"Walton, Barnes and Simon","543 Bell Ranch Apt. 002 Kevinfurt, ID 14051-9447"
36,5695.21,0,4.1,7,0,131,Manuel Williams,Jackson Ltd,"880 Teresa Harbors New Deborah, PA 97964-1536"
40,11611.51,1,5.64,14,1,132,Katie Sutton,Patrick Inc,"564 Amanda Park Apt. 388 Watsonport, AZ 61471-7559"
38,12913.55,1,4.73,7,0,133,Jennifer Garcia,Williams LLC,"9071 Erickson Ridges Apt. 133 Glennberg, NE 87693"
48,10367.08,1,6.45,12,1,134,Thomas Sawyer,"Lopez, Kelly and Armstrong","8113 Rodriguez Court Sheribury, SC 88474"
49,14124,1,3.02,10,0,135,Lisa Rodriguez,"Rocha, Wagner and Chandler","567 Ian Loop Lambertberg, MA 68810-6480"
37,5039.46,0,4.08,8,0,136,Stefanie Miranda,Morrison-Pennington,"002 Gutierrez Mountains Hayesburgh, GU 73502-4691"
49,9714.47,0,5.7,9,1,137,Jose Kelly,"Fisher, Torres and Ramsey","205 Lewis Ports Suite 146 New Lukehaven, NE 61616"
37,12154.25,1,5.15,6,0,138,Laura Wright,"Cunningham, Jackson and Schultz","9534 Dodson Streets North James, TX 66878"
43,10271.19,1,5.31,14,1,139,Eric Kelley,"Santos, Hoffman and Harper","98472 Meghan Mall Port Lauren, AZ 49472"
43,6715.23,0,4.16,8,1,140,Randy Hayes,Taylor-Vaughn,"PSC 1001, Box 5072 APO AP 43490"
40,7762.73,1,4.66,10,0,141,James Wallace,"Williams, Huffman and Gibson","0613 Kidd Springs Apt. 467 Nicholasville, VI 42395"
41,14722.35,0,6.98,6,0,142,Wendy Moore,Walker-Harris,"8202 Jade Unions Suite 557 South Wesley, MS 12025"
54,11856.28,0,6.19,8,0,143,Martha Green,"Anderson, Webb and Gordon",USCGC Patrick FPO AP 72386
35,8190.27,0,6.28,7,0,144,Charles Doyle,Smith-Carroll,Unit 1897 Box 1607 DPO AE 86804
37,9229.96,0,3.65,8,0,145,Cindy Marshall,Gomez-Clarke,"393 Stephens Field South Michelleside, MI 26930"
41,10054.6,1,4.93,6,0,146,Cynthia Nguyen,Sullivan-Weaver,"PSC 5666, Box 1288 APO AE 26505"
46,11832.86,1,6.01,8,0,147,Colleen Morgan,"Macias, Mcpherson and Rowe","85111 Sims Tunnel New Davidton, NV 81446-6413"
47,8291.93,0,4.47,7,0,148,Willie Proctor,Schmidt Group,"62726 Tracey Passage Apt. 685 South Brittany, RI 28461"
42,10442.37,0,5.58,5,0,149,Whitney Kennedy,Bates-Underwood,"6414 Jesus Knoll Apt. 139 Downsshire, VT 78464"
40,11527.08,1,5.04,8,0,150,Sarah Flores,"Cervantes, Rice and Strickland",USNV Morgan FPO AE 62096-4614
47,7996.78,1,5.45,8,0,151,Sylvia Crawford,Nguyen-Grant,"032 Craig Lane Robertstown, AK 35233"
45,8595.24,0,6.4,10,0,152,Brittany Smith,Patrick-Walker,"151 Sara Springs Lake Davidside, AK 46384-8806"
44,12835.19,1,5.44,7,0,153,Sally Velazquez,"Patterson, Clark and Garrison","3227 Lin Port Ambermouth, WI 81808-7704"
39,10510.95,0,2.87,9,0,154,Hector Anderson,Rodriguez Inc,"321 Perez Village Ericaview, GU 17997"
41,13743.42,0,3.92,9,0,155,Amy Baldwin,Morgan-Garcia,"596 Erica Route Apt. 258 New Janice, IN 57273"
46,12772.72,1,6.46,9,1,156,Marcus Garza,"Holland, Jones and Schmidt","06806 Lyons Drive Apt. 864 Port Michaelview, AZ 56506"
52,10697.72,0,8.35,8,0,157,Vanessa Donaldson,Davis Group,"08605 Scott Stream Apt. 968 New Andrea, DC 08316-2838"
45,11599.27,1,4.78,11,1,158,Ryan Richardson,Cross-Jones,"31574 Sarah Pine Apt. 359 Harryside, AZ 02405-8870"
36,14715.53,1,5.73,9,0,159,Sharon Torres,"Blanchard, Hawkins and Torres","983 Carl Run Apt. 446 West Christina, NM 45895"
32,13630.93,0,4.38,10,0,160,Christina Lewis,"Thompson, Shelton and Pena","273 Alexander Burg Suite 754 New Alexandrachester, DE 41261-1457"
55,16838.94,1,6.66,8,1,161,Jason Jones MD,Brown-Richardson,"52454 Jessica Passage Apt. 097 Mitchellburgh, AZ 30584-9004"
39,4316.73,1,4.79,9,0,162,Frank Coleman,Pollard-Lambert,"686 Bonnie Locks Suite 704 Hayesburgh, SD 23695-5265"
44,12155.91,1,4.11,5,0,163,Austin Melendez,"Carlson, Ramos and Johnson","697 Mcdowell Pike Lake Phillip, LA 32009-7853"
33,8556.73,0,4.21,9,0,164,Beverly Hall,"Johnson, Ingram and Hart","145 Kelly Crest Apt. 419 Madelinehaven, OH 55835-0109"
54,8375.73,1,4.42,7,0,165,Joshua Kirby,Moore-Johnson,"5079 Cole Circle New Patriciaton, CT 49306-7555"
37,13036.52,1,3.83,6,0,166,Teresa Thompson,"Snow, Martin and Fowler","762 Donald Field Suite 361 South Ronald, ME 08806"
31,11297.57,1,6.23,10,1,167,Heather Hickman,Moore LLC,"7259 Brown Street Apt. 385 Monicaport, AZ 05916-8374"
42,7529.23,1,5.86,7,0,168,Jeffrey Simpson,"Thompson, Vaughan and House","913 Thomas Dale Harristown, OR 05449-4141"
44,14023.22,1,3.49,10,0,169,John Walter,"Kennedy, Flores and Morris","80309 Davis Estate North Kelseyville, SC 01422-4929"
41,9219.95,1,5.21,10,0,170,Connor Knapp,"Smith, Simpson and Wolf","7805 Kerri Route Marystad, UT 08020"
42,6406.38,0,3,9,0,171,Amy Garcia,Barker Ltd,"12223 Sean Valley Suite 960 Johnland, IA 33208"
44,9723.71,0,4.34,9,0,172,William Taylor,Stewart Inc,"499 Contreras Estates Suite 640 Tylertown, NY 97261"
45,13650.64,0,4.96,8,0,173,Karen Peterson,"Moore, Donaldson and Stevens","1721 Diana Canyon Suite 811 Dukemouth, NC 04129-3149"
42,14242.7,0,5.79,10,0,174,Jack Ortega,Anderson-Evans,"49625 Joseph Mountain West Brandon, AL 19037-8797"
39,9282.33,0,4.52,11,0,175,Marie Bauer,Bell-Kelly,"8923 Nunez Cove Apt. 302 New Allisonmouth, MP 01493"
51,10776.82,0,5.1,5,0,176,Cheryl Hayes,"Hill, Roberts and Melendez","667 Diaz Row Garnerview, IN 81368-5410"
52,6805.48,1,6.05,9,0,177,Barry Gallagher,Butler PLC,"35333 Carla Keys Robinsonchester, CA 02095"
40,11362.95,0,4.37,11,0,178,Andrea Ford,Patton Group,"2519 Martin Ports Suite 635 Martinport, AL 55438"
44,7736.13,1,4.48,8,0,179,John Jones,Day LLC,"2297 Jackson Island Robertsfort, NH 79212-4023"
42,12277.9,1,5.1,8,0,180,Thomas Parker,Cook LLC,"10575 Jacob Manors Apt. 623 Port Jonathanview, WV 63831-0620"
41,12680.46,0,5.92,11,1,181,Timothy Johnston,"Cole, Shelton and Atkinson","44906 Walker Plaza Sanchezshire, AZ 41013-8944"
46,8951.42,0,4.13,8,0,182,James Hensley,Leblanc-Torres,"62940 Hill Alley Apt. 148 South Laurahaven, OR 94753-3273"
40,12925.64,0,4.04,7,0,183,Julie Francis,"Frank, Knox and Robinson","6656 Edward Manors Apt. 704 Flynnshire, GA 70372"
33,11370.28,1,4.4,6,0,184,Joseph Bauer,Patterson LLC,"580 Beasley Junctions Apt. 927 Woodston, CA 17941"
40,12453.72,1,4.83,9,0,185,Kathryn Petersen,Nguyen-Wright,"4030 Sullivan Viaduct Apt. 877 Lake Anthony, VT 89429"
41,9000.05,0,5.59,6,0,186,Krista Ashley,Evans and Sons,"50771 Miller Mall East Lauraburgh, TX 75798-7004"
36,12879.7,0,4.7,9,0,187,Emily Roberson,Clements-Summers,"41199 Welch Stravenue Apt. 518 South Crystalshire, IA 58998-2407"
36,11082.13,0,4.84,9,0,188,Patricia Deleon,Cannon-Blevins,"6857 Sean Heights New Caitlin, OR 57302"
55,8280.03,0,6.33,5,0,189,Duane Mcdonald,Armstrong-Hicks,USNV Nielsen FPO AA 31326
47,8235.74,1,6.2,10,1,190,Elizabeth Moore,"Young, Porter and Hill","582 Kimberly Lodge Apt. 082 East Victoriastad, AZ 73555"
49,8232.11,0,6.84,8,0,191,Tony Boone,Lopez-Nelson,"1484 Carter Court Stephentown, FL 02705-7717"
45,10793.11,1,4.65,10,1,192,Carla Ball,Barton Inc,"754 Shannon Mall South Shawn, AZ 29886-0448"
42,11756.06,0,4.88,8,0,193,John Gonzales,"Martin, White and Hernandez","3880 Denise Curve South Christopher, NC 79432"
41,7683.97,1,6.17,7,0,194,Dakota Porter,Nguyen PLC,"1005 Butler Manors Richardland, KS 45645-6252"
44,9214.98,1,6.44,7,0,195,Brenda Fuentes,"Boyd, Jennings and Gutierrez","443 Shari Plains Apt. 479 Tiffanyside, TN 88122"
43,11375.25,1,5.09,9,0,196,James Smith,"Cooper, Martin and Reid","6510 Debra Estates Port Lucasberg, NY 90239-6448"
46,14361.38,0,4.52,8,0,197,Lindsey Adams,Morris-Williams,"283 Mccarthy Fork Hubbardfort, PW 58105-7552"
30,8677.28,1,7.31,7,0,198,Kim Adams,"Wiley, Macdonald and Lewis","766 Vanessa Villages West Michelle, VA 51730"
40,9133.36,0,4.21,7,0,199,Theresa Ford,Thornton Inc,"9885 Mills Dale Suite 830 West Wendyton, WA 46448"
41,11623.42,1,4.18,9,0,200,Lisa Reid,Acosta PLC,"499 Joshua Ramp Blankenshipmouth, AL 61436"
37,7189.31,0,6.87,10,0,201,Mary Allen,"Alvarado, Davis and Johnson","421 Scott Prairie Christinaville, FM 11471-2940"
45,8480.93,0,4.57,9,0,202,Monica Espinoza,"Pratt, Carter and Lopez","602 Jennifer Brook Suite 753 North Alison, NJ 24477"
35,3825.7,0,4.28,8,0,203,Kathleen Marquez,"Steele, Nguyen and Lewis","984 Gallagher Circle Port Gregorytown, MD 59029"
47,9365.92,1,4.37,5,0,204,Michael Brown,"Smith, Diaz and Warren","4972 Michael Village Suite 788 West Rachelstad, NH 04946-6243"
43,11401.42,0,3.63,10,0,205,Lisa Fisher,Davis Inc,"7234 Amy Forge Suite 123 East Sarah, DC 50257-3728"
32,8011.38,0,5.35,10,0,206,Dean Beck,Wade-Parker,"9161 Carmen Village Ernestfort, RI 88511-5609"
41,11971.75,1,5.38,7,0,207,Brittany Green,"Smith, Stein and Mueller","1241 Wiley Motorway Prattchester, TN 32961-5246"
55,8772,1,6.43,10,1,208,Lori Ross,"Butler, Harrison and Hall","65806 Dean Plaza Apt. 089 West Jacobfort, AZ 83049"
38,10863.05,1,5.59,11,1,209,Douglas Padilla,Martinez Ltd,"063 Andrew Harbor New Kathleenbury, AZ 48898"
43,14241.75,0,3.73,12,0,210,Allison Clark DDS,Robinson-Perez,"PSC 9202, Box 1991 APO AA 75619"
45,9722.92,1,3.35,8,0,211,Brianna White,Alexander LLC,"087 Kimberly Ridges Thomasbury, MA 73601"
43,10746.69,0,8.62,9,0,212,Charles Ellison,Mills Group,"7082 Paul Divide Suite 132 New Nicolas, WI 35732"
33,10709.39,1,5.22,6,0,213,Mary Frank,"Ellison, Pace and Vaughan","11007 Tara Plains Apt. 842 South Amy, AK 31218"
41,9191.02,1,5.89,9,0,214,John Long,"Hernandez, Peck and Martin","3142 Michael Shores Apt. 648 Port Kyleview, MA 08135-5259"
55,9743.57,0,5.89,8,0,215,Mark Marquez,Martin-Cobb,"631 Christopher Mount South Abigailport, LA 19480"
43,7948.18,0,3.88,7,0,216,Megan Wilson,Montgomery-Edwards,"871 Campbell Fall Allenville, NY 42045-5154"
42,9261.41,0,3.92,9,0,217,Cathy Carney,Carr and Sons,"7816 Cynthia Unions Apt. 858 Elizabethhaven, KY 51905-4106"
39,4994.48,0,5.02,8,0,218,Jessica Gutierrez,Moreno-Sharp,"0347 Glenn Springs Kellyview, GU 58381-4038"
37,8284.89,1,5.6,10,1,219,Mrs. Sarah Morales,"Taylor, Allen and Gardner","8807 Young Village Joneston, AZ 56462"
39,11008,0,4.42,8,0,220,Stacey Harding,Robinson-Koch,"454 Sara Ways New Brandistad, AL 82361"
46,14664,0,6.54,8,0,221,Keith Bowman,Garrett-Turner,"36569 Richard Run Jacksonmouth, MN 02512"
45,10364.82,0,5.93,5,0,222,Dr. Michael Contreras,Holt-Rogers,"53891 Paula Corners Apt. 946 West Michael, ME 42796-1668"
40,6590.63,1,4.52,7,0,223,Jonathan Cooley,Larsen-Johnson,"3012 Kimberly Lights West Teresa, CA 83239"
37,15070.32,0,6.91,6,0,224,Erin Norris,Garcia LLC,"081 Randy Crest Apt. 821 South James, LA 27688-1775"
53,8122.34,0,3.51,9,0,225,Yolanda Jackson,Smith Group,"7248 Wheeler Forks South Wendyport, KY 21877-0885"
47,9166.22,0,3.51,9,0,226,Patrick Edwards,Pierce and Sons,"215 Gardner Islands Apt. 747 East Jonathanmouth, AL 62844-5315"
56,8626.48,1,5.07,7,0,227,Johnny Watts,"Jacobs, Martinez and Bond","62761 Edwin Overpass Joshuabury, PA 98754-4095"
52,9519.64,0,5.61,8,0,228,James Griffin,Walker Ltd,Unit 5498 Box 5539 DPO AP 33602
45,9721.59,0,3.43,9,0,229,Natalie Williams,Nguyen Ltd,"5605 Dunn Union Suite 923 Shanefort, IL 28178-4110"
38,100,0,5.27,5,0,230,Kayla Reeves,Stewart-Lopez,"1511 Porter Drive Amberberg, NC 44608"
45,8871.53,0,3.76,8,0,231,Benjamin Huff,"Hurley, Moody and Gomez","205 Hall Mission Apt. 211 South Matthew, HI 81737-8521"
52,7077.34,1,5.6,8,0,232,Dana Bailey,"Gibson, Frost and Rivera","61381 Cassandra Cliffs Apt. 605 West Frederickberg, PW 73455-0264"
43,8042.76,0,4.95,8,0,233,Dennis Morgan,"Barry, Jordan and Hall","00103 Jeffrey Crest Apt. 205 Padillaville, IA 90755"
35,13480.91,1,4.41,7,0,234,Joseph Hall,Anderson PLC,"6926 Martin Ramp Thomastown, CA 58814"
40,7675.52,1,4.31,11,0,235,Michael Lam,Olson-Davis,"63714 Sawyer Glens New Tonimouth, FL 73286-2490"
48,9219.4,1,5.91,6,0,236,Mathew Rivera,Zamora-Cherry,"05272 Angela Unions Suite 032 Lewischester, WV 61156-3281"
45,7325.93,1,6,6,0,237,Victoria Hughes,"Douglas, Briggs and Sawyer","0918 Taylor Trail Apt. 385 West Caleb, ND 20637-7455"
29,13240.01,1,4.58,6,0,238,Kristine Moreno,Garcia Ltd,"541 Mills Rest Lake Cynthia, PR 71752"
30,6744.87,0,5.14,9,0,239,Andrew Young,Morris LLC,"30316 Melissa Hills Apt. 368 Cynthiaborough, MN 06736"
50,11775.75,1,4.83,10,1,240,Adam Strong,Harvey-Mcdowell,"33071 Melody Isle East Matthew, AZ 08980-8853"
26,8939.61,0,4.54,7,0,241,Anthony Molina,"Brown, Johnson and Fowler","255 Olson Mountain Maryshire, WA 83173-0377"
29,8688.17,1,5.7,9,1,242,Devin Cook,Fleming LLC,"237 Antonio Lock Lake Christianville, AZ 42022"
35,8475.8,0,3.37,11,0,243,James Adkins,"Taylor, Reynolds and Hoffman","2311 Henderson Centers Conniehaven, MP 16886-3947"
45,11187.93,1,4.95,9,0,244,Timothy Brown,"Roberts, Delgado and Burch","7800 Riley Square Apt. 303 Jacquelineberg, HI 08954-7689"
51,5830.99,0,6.93,6,0,245,Hannah Best,Cantrell-Paul,"PSC 5882, Box 7573 APO AA 41758-4009"
44,8588.46,1,7.77,8,0,246,Richard Farmer,"Schroeder, Hines and Thompson","115 Courtney Springs Suite 396 Jenniferland, IL 43853-4718"
45,9903.78,1,5.31,9,0,247,Luis Evans,"Coffey, Lopez and Taylor","9273 Scott Springs Suite 665 Mcintyreland, DC 54306"
38,9557.2,0,4.47,8,0,248,James Rivas,"Allen, Hernandez and Bryant","90866 Harmon Radial North Jennifermouth, MI 55389"
29,5900.78,1,5.56,8,0,249,Ashley Smith,"Jones, Reyes and Cross","663 White Tunnel Suite 995 Port Joseph, PR 93959-2444"
49,11227.48,0,5.1,9,0,250,Jessica Morales,Barrera-Hamilton,"1384 Wendy Ferry West Ryanburgh, ID 88650"
33,14160.05,1,4.61,7,0,251,Carol Johnston,Lewis-Wilson,"303 Brittany Landing Suite 749 Meghanmouth, TX 27021-4399"
49,8268.74,1,5.21,8,0,252,Joshua Huff,"Rivera, Perkins and Brown","064 Laurie Manor Suite 944 East Jimmy, IN 53776"
34,8772.26,0,5.78,9,0,253,Ryan Martin,Jones Inc,"930 Carrie Harbor Suite 044 New Adamtown, MP 74903"
35,8297.87,0,5.42,8,0,254,David Morrison,"Carpenter, Johnson and Krueger","7000 Jack Lights Suite 115 Owensfurt, TN 18961-6571"
42,8558.52,0,5.36,7,0,255,Gerald Mullins,Hamilton PLC,"10282 Megan Island Port Carla, FM 85303-6406"
32,12142.99,0,5.01,7,0,256,Catherine Martin,Lee Inc,"75224 Powell Point Apt. 653 Lake Norma, CA 05753"
38,7491.55,0,5.66,12,0,257,Carol Young,Dunn LLC,"31037 Gregory Creek Brooksmouth, FL 10099"
55,8243.28,0,3.54,6,0,258,Abigail Gonzalez,Nelson PLC,"325 Lawrence Crossing Suite 269 South Josephhaven, OK 53193-5178"
37,9499.3,1,6.81,8,0,259,Brian Hill,"Lee, Valencia and Wood","357 Mcfarland Squares Apt. 356 West Elizabethmouth, DE 60392"
35,12403.81,0,4.42,11,1,260,Danielle Kirk,Reeves-Curtis,"20117 Johnson Ports Apt. 914 Jenniferfort, AZ 40595"
46,11119.11,1,3.51,14,0,261,James Contreras,Taylor-Robbins,"10454 David Greens South Jenniferbury, FM 87283-5336"
49,11177.08,0,4.44,12,1,262,Tara Burton,Reed-Fields,"713 William Loaf New Christopher, AZ 71560-8742"
41,9516.87,0,4.94,7,0,263,Austin Hays,Austin Ltd,"55004 Schmidt Fort Apt. 448 North Samanthaland, AR 63822"
43,9541.45,0,6.05,8,0,264,Brandon Ballard,Graham-Allen,"97254 Ward Stravenue North Melanie, DE 04764"
43,10578.14,0,1.87,10,0,265,Dana Lewis,"Murphy, Park and Boyer",USNV Soto FPO AA 90235-3866
40,12295.95,1,5.69,11,0,266,Linda Hubbard,Vincent Group,"8983 Benjamin Run South Kelseytown, CA 03915"
39,8667.02,0,6.82,10,1,267,Charles Whitney,Christensen-Mccann,"8006 Erin Pass Apt. 415 South Karen, AZ 27331-0907"
39,13731.45,1,8.15,10,0,268,Vanessa Myers,Welch-Larsen,"1150 Archer Point Suite 946 Marksfurt, MH 51860"
41,8427.12,0,4.37,6,0,269,Kayla Lopez,Castro PLC,USNS Mckenzie FPO AA 31440-7156
44,14036.28,1,7.25,10,1,270,Shawn Chavez,"Carter, Murphy and Valenzuela","42028 Hampton Flat Apt. 206 North Samuelburgh, ME 73072"
43,7686.13,1,7.17,8,0,271,Alexis Allen,Jones and Sons,"7448 Jason Ridges Heatherfort, GU 92916-6774"
42,11225.96,0,5.89,7,0,272,William Krause,"Hall, Hernandez and Palmer",USNV Perry FPO AP 32236-2293
42,8271.02,0,4.24,9,0,273,Garrett Walker,Hunt-Jarvis,"561 Michael Alley Robinsonmouth, WA 87560"
51,10328.42,1,5.12,7,0,274,Lauren Campos,Cannon Inc,"123 Corey Divide Suite 626 New Hannahtown, KY 62519"
43,8024.08,0,4.08,12,1,275,Jennifer King,"Hunter, Reyes and Rivera","44850 Dennis Meadows Suite 044 Dariusland, AZ 05918"
50,9641.61,0,3.09,5,0,276,Kenneth Graham,King-Atkinson,"43996 Parks Spring Hooperland, TX 05090-6018"
45,6977.56,0,6.94,11,0,277,Michael Nichols,Rogers-Davis,"13664 Brandon Trail Robertshire, AK 53957"
49,9853.64,1,6.95,6,0,278,Ashley Soto,Brown Inc,"275 Thompson Street Lake Nathan, AS 67338-1025"
36,6447.99,1,5.52,11,1,279,Cheyenne Rogers,Evans LLC,"58379 Amber Knoll Blackburgh, AZ 69646-4368"
44,10445.76,0,7.02,8,0,280,Thomas Richardson,Schmidt-Schroeder,"8204 Leach Point Suite 900 Port Melissafort, TN 80024"
27,8628.8,1,5.3,7,0,281,Trevor Burns,King LLC,"2786 Collins Loaf Susanchester, CT 84620-3615"
47,11306.1,0,6.01,7,0,282,Sean Macias,Jimenez Group,"911 Kent Point Anthonytown, KS 47499"
32,9472.72,1,1,10,0,283,Alexandra Phillips,"Smith, Harris and Black","078 Ortega Vista Lake Gabriella, OK 18890-5973"
42,9741.19,1,3.85,9,0,284,Kelly Braun,"Mosley, Tate and Blankenship","080 Brewer Ports Suite 299 Erinmouth, TX 28755"
39,6168.66,1,4.71,8,0,285,Frank Chase,"Harvey, Thompson and Moss",USNS Potts FPO AA 56275
33,7750.54,1,4.57,8,0,286,Rebecca Rasmussen,Rodriguez-Flynn,"PSC 2978, Box 1358 APO AP 49912-3876"
43,8007.18,1,5.45,8,0,287,Frank Mann MD,"Carter, Johnson and Franklin","40205 Sellers Ville Apt. 983 Melanieview, DC 06529"
43,10598.35,1,6.72,8,0,288,Christopher Price,Porter-Johnson,"PSC 8020, Box 7594 APO AE 50638"
38,10298.29,1,5.07,9,0,289,Amanda Hernandez,"Barry, Brown and Smith","4792 Amy Wall Apt. 296 Olsenchester, VA 69141-5857"
37,8286.87,1,6.25,8,0,290,Brandon Ortiz,Ewing Group,"276 Thompson Field Apt. 992 South Victoriaton, SC 12848-8182"
40,8530.23,1,3.66,10,0,291,Amber Williams,"Lee, Daniels and Ryan","2896 Diana Spur Suite 985 New Tami, IN 56915"
37,13717.41,1,6.5,7,0,292,Michael Grant,"Flores, Davis and Duncan","2978 Luke Cape Tracyfort, NJ 87595-8510"
43,6298.75,1,4.51,9,0,293,William Lyons,"Brown, Conner and Torres","2758 Williams Heights Apt. 571 Colleenton, AK 36124-5765"
45,9598.03,0,5,7,0,294,Aaron Meyer,"Steele, Bates and Lane","35821 Bailey Skyway Alexisstad, NH 81472"
38,12520.53,1,6.3,11,1,295,Todd Thompson,"Guzman, Johnson and Berry","2779 Dalton Ports New James, AZ 59322-0419"
45,5200.06,1,6.33,8,0,296,Sarah Hall,Sanchez-Brown,"3930 Baker Square North Michaelside, PR 98680"
37,7961.21,0,2.91,9,0,297,Steve Lewis,Clarke-Gonzalez,"865 Mitchell Causeway Suite 183 Meredithshire, AR 80502-3040"
41,8907.76,0,6.99,7,0,298,Wendy Wells,"Sanchez, Ferguson and Ramos","81421 Joseph Canyon Apt. 100 Josephton, MT 11927-8464"
43,12378.57,1,4.04,8,0,299,Dominique Schneider,Ford LLC,"68378 Jeffrey Locks Apt. 678 Gibbsstad, OR 40474"
45,12783.21,1,4.47,10,0,300,Jeremiah Lee,Snyder PLC,"03538 Gonzalez Forges Hamiltonbury, CA 87284"
46,11343.33,1,3.69,8,0,301,Teresa Garcia,Ibarra and Sons,"2374 Jackson Walks Larryberg, PW 89438-7588"
41,10617.16,0,6.26,8,0,302,Ricky Stewart,"Sutton, Black and Tate","927 Joseph Lights Lake Anthonyborough, ID 34724"
42,8010.76,0,6.71,10,1,303,Phillip White,Smith Inc,"13120 Daniel Mount Angelabury, AZ 30645-4695"
42,6523.74,0,2.71,8,0,304,Jeffrey Thompson,"Peters, Rodriguez and Smith","7280 Douglas River Apt. 701 Suzanneport, KS 56534"
50,11294.45,1,2.17,10,0,305,David Compton,Larsen PLC,"292 John Course Apt. 691 Avilaburgh, ME 94092-4006"
43,8662.18,1,7.31,8,0,306,Christopher Beasley,Harris Inc,"3589 Ashley Crest Suite 345 North Jennifer, OH 77938"
48,11585.16,0,4.61,9,0,307,Jennifer Wood,"Gray, Campbell and Chandler",Unit 5568 Box 1967 DPO AE 15638
43,8261.89,0,7.36,9,0,308,Gina Johnson,Nguyen-Pratt,"1975 Lawson Ford East Tylerchester, OK 01485"
39,11144.51,0,4.25,9,0,309,Mary Marshall,Chavez-Patterson,"57559 Kelli Stream Apt. 332 Dunlapburgh, CA 43743-8629"
29,9378.24,0,4.93,8,0,310,Robert Sanders,"White, Jones and Nelson","8199 Christopher Tunnel Suite 537 Warnerside, IN 29023-3624"
42,9577.42,0,5.86,11,1,311,Nathan Murphy,Deleon Ltd,"34489 Andrew Wells North Charlesport, AZ 48537"
43,10400.88,0,5.84,10,1,312,Amber Hobbs,"Nelson, Ray and Johnson","8044 Bates Spring Jonesborough, AZ 63728"
43,6992.09,1,6.84,11,1,313,Jessica Horton,Jackson Group,Unit 7652 Box 7117 DPO AP 06955-1878
47,9148.74,1,6.38,8,0,314,Tony Mathews,"Navarro, Williams and Escobar","8471 Jason Spur Jasminemouth, AL 19070"
52,12010.74,0,5.09,8,0,315,Anthony Green,"Miller, Gardner and Harris","824 Ryan Orchard Rebeccabury, FL 02869"
39,6127.84,0,4.22,9,0,316,Tracy Jones,"Thompson, Bailey and Hernandez","417 Eric Overpass Williamfurt, MT 69664"
33,13314.19,0,5.45,9,0,317,Christopher Whitehead,Harvey-Mckay,"323 Farmer Cape Apt. 744 Jonathanfort, NJ 29387-2732"
40,12043.27,1,5.04,7,0,318,Stephen Reed,Todd LLC,"486 Washington Fields Josephhaven, VI 31007"
37,11145.95,1,5.87,11,1,319,Sandra Williams,Baker Ltd,"0728 Melton Avenue Robertville, KY 71675-3667"
35,12654.35,0,1.66,7,0,320,John Davis,Gordon-Pruitt,"88854 Sarah Lake Suite 435 Lake Steven, MD 39080"
32,11715.72,0,4.73,9,0,321,Joshua Turner,Neal Inc,"8092 Travis Forge Suite 409 New Glenn, NH 92763"
45,6452.83,1,4.41,6,0,322,Christopher Yates,"Hernandez, Middleton and Brewer","PSC 7127, Box 3035 APO AP 88800-1111"
42,10583.76,0,6.51,9,0,323,Deborah Howell,Ortiz Ltd,"9609 Harper Dale New Danieltown, AR 80238-4616"
46,7684.02,1,6.24,8,0,324,Jaime Padilla,Richardson LLC,"48403 Anderson Fields Apt. 103 New Jasonshire, NM 49852-3578"
46,9988.68,1,5.44,8,0,325,John Williams,"Parker, Salas and Martinez","99930 Ferrell Estate Suite 343 Kempberg, UT 24672-0591"
48,5622.5,0,6.05,7,0,326,John Nixon,French-Miller,"7186 Justin Locks Apt. 232 Stevenmouth, CT 17609-9525"
37,9788.78,0,5.24,7,0,327,Terry Kelley,Long-Williams,USCGC Lee FPO AE 62096-3283
40,7864.63,0,4.56,9,0,328,Linda Moore,Wilson PLC,"2736 Sharon Spring South Joshuafort, FM 69643"
40,7490.92,0,4.75,5,0,329,Lauren Nelson,Hall Inc,"341 Benjamin Knolls Robertview, ND 28469-9018"
46,10814.59,0,4.91,8,0,330,Danielle Morris,"Cooper, Cohen and Knight","773 Brenda Vista Jensenshire, CO 78345"
28,11204.23,0,3.67,11,0,331,William Pearson,Hernandez-Montgomery,"01565 Wilson Shoals Apt. 795 Port Eduardoview, ND 57078"
42,11066.8,0,7.22,8,1,332,Cameron Williams,Harvey LLC,"10265 Elizabeth Mission Barkerburgh, AZ 89518"
39,10741.9,0,5.48,8,0,333,Dwayne Ryan,Williams and Sons,"676 Carlos Port Apt. 925 Anitamouth, VA 05134-0836"
43,8601.01,0,5.65,12,1,334,Amanda Roberts,Evans LLC,"PSC 9561, Box 4071 APO AZ 92200-5783"
35,12936.64,1,3.73,6,0,335,Richard Gardner,Alexander-Reed,"617 Diane River Lake Jillianton, TX 91296-2338"
36,12309.23,1,4.76,9,0,336,Abigail Jennings,"Simpson, Byrd and Miller",USS Mcgrath FPO AP 33786-7308
40,9403.58,1,6.01,9,1,337,Robin Burke,Patel PLC,"7225 James Corners Christopherville, AZ 19625-4299"
39,8930.49,1,5.71,10,0,338,Mark Murray,Lawson Inc,"3444 Delgado Squares Apt. 967 Pageville, MI 59677"
50,9248.87,0,4.56,9,0,339,Heather Thompson,"Jacobs, Arnold and Schwartz","896 Lewis Wells Martinezstad, MO 12686"
40,13987.59,1,5.58,7,0,340,Monica Graham,Anderson Group,"3077 George Views Suite 883 Vangmouth, WI 86289"
44,8748.36,1,6.32,10,0,341,Rita Young,"Butler, Riggs and Brown","4331 Quinn Fords Suite 546 Traceyfort, CO 47194-7606"
35,8058.73,0,6.88,9,0,342,Kevin Chapman,Ortega Group,"40094 Manning Pass Travisburgh, MT 80542"
46,7638.13,1,4.91,9,0,343,Richard Jackson,Riley Group,"8169 Catherine Dam Grantville, MN 89963"
36,11274.98,0,4.12,10,0,344,Heather Daniel,"Martin, Dickerson and Roberson","25793 Phillips Cliff Travisview, WV 48402-6882"
52,14669.61,0,6.28,9,0,345,Jessica Flores,Wright Ltd,"38975 Jennifer Harbor Apt. 491 West Cody, WA 38692-1960"
33,10306.21,1,6.36,9,0,346,Mary Sanchez,"Smith, Wright and Price","073 Joseph Knolls Apt. 112 West Mary, NV 59877"
39,9848.4,1,6.73,10,0,347,Steven Blankenship,Baker-Rios,"2165 Williams Vista Apt. 849 South Colleen, GU 38418-9285"
56,12217.95,1,5.79,11,1,348,Kevin Ramos,Olsen LLC,"5775 Jared Stream Apt. 881 Port Jenniferfort, AZ 63506-4063"
49,13510.96,1,6.39,9,0,349,Joshua Brown DVM,"Shaw, Williams and Andrade","4708 Walker Underpass Apt. 264 West David, NE 49246-4362"
50,10850.78,1,5.63,9,1,350,Richard Fields,Brown-Bishop,"451 Flynn Streets Morenobury, NE 64722-7132"
48,9921.89,0,3.73,9,0,351,Mallory Powell,Carter-Novak,"6312 Stuart Stravenue Port Wesleychester, MN 71667-5670"
52,11828.78,0,5.95,10,0,352,Kimberly Lewis,Fischer-Garrison,Unit 6752 Box 0928 DPO AA 53116-2490
46,9737.34,1,5.17,8,0,353,George Parker,"Chavez, Ross and Howard",USCGC Walker FPO AA 31720
45,9852.25,1,4.55,8,0,354,Christy Hamilton,"Richard, Flores and Walsh","41390 Vazquez Mall Billystad, VI 57475-0791"
49,12681.35,0,3.68,5,0,355,Cynthia Wood,"Washington, Mcdaniel and Lambert","589 Mary Vista Lake Craig, CO 88641"
40,7380.48,1,6.45,7,0,356,David Moore,"Harris, Carter and Brown",Unit 8071 Box 5003 DPO AE 63421-4620
30,10960.52,1,5.96,9,0,357,Monique Delgado,Silva-Guerra,"781 Cassie Flat Austinville, AS 10515-8328"
47,15878.11,1,2.05,8,0,358,Holly Flores,Reyes-Crawford,"37362 Anthony Corner Suite 462 Port Saraton, ND 49109-1547"
41,7495.6,1,6.57,8,0,359,Roberto Gonzales,Davis and Sons,"13697 Hale Burgs Apt. 574 Jamesfort, UT 03958-6187"
49,11584.59,1,4.84,6,0,360,Darren Brown,Hall PLC,"080 Amber Village Apt. 472 Schroederbury, CA 32357"
48,8513.75,1,8.24,10,0,361,Rebekah Burns,"Bruce, Craig and Fletcher","81006 Armstrong Falls Suite 944 New Kellyborough, SD 34820-7157"
43,7178.92,1,5.32,8,0,362,George Chavez,"Rodriguez, Moore and Cunningham","63837 Jessica Valleys Apt. 645 East Jasmine, WV 26260-6871"
44,13743.27,0,7.8,11,1,363,Carla Howell,"Edwards, Webster and Gross","55353 Barker Burg East Willietown, AZ 30805"
43,11197.42,1,3.48,9,0,364,Tony Schneider,Harper-Noble,"329 Pierce Place Apt. 176 North Tammybury, WV 17594"
34,6461.86,1,4.61,8,0,365,Christopher Daniels,Schultz-Newman,"88563 Jeffery Manor North Mathew, OK 19970-2973"
44,8615.52,0,7.39,9,1,366,Nicole Friedman,"Miranda, Summers and Moran","77755 John River Kendrafurt, AZ 02175-9994"
47,14154.26,0,4.73,9,0,367,John Howard,Cantu Inc,"PSC 9026, Box 5801 APO AE 43474"
36,10484.33,1,8.84,10,1,368,Jermaine Johnson,"Dunlap, Hughes and Taylor","4102 Griffin Courts Middletonton, FM 48608"
40,11309.18,0,4.91,7,0,369,Joseph Taylor,Robertson-Nelson,"170 Kenneth Flats South James, AL 78065"
38,12884.75,0,6.67,12,1,370,Eric Lozano,"Miller, Johnson and Wallace","1331 Keith Court Alyssahaven, DE 90114"
42,6081.5,0,3.73,8,0,371,Timothy Henry,"Norris, Chavez and Martinez","73765 Crystal Terrace Apt. 641 Ramirezfort, GU 82626-0948"
51,7985.76,1,3.48,8,0,372,Jose Gutierrez,"Smith, Phillips and Smith","481 Andrews Freeway Apt. 222 Lake Alyssaburgh, TN 57832-1720"
36,8931.09,1,7.55,7,0,373,Thomas Campbell,Williams LLC,"PSC 9216, Box 6338 APO AP 73140"
41,10474.94,0,6.4,12,1,374,Paul Walker,Dalton LLC,"73006 Patty Avenue Apt. 646 New Sarahburgh, AZ 24826"
56,12502.81,0,5.47,8,0,375,William Haney,"Powell, Erickson and Rush","143 Andrea Flat Lake Michael, ID 33149"
34,13574.25,0,5.2,9,0,376,Linda Mason,"Ballard, Underwood and Brown",Unit 7583 Box 3011 DPO AP 05481
49,8523.04,1,4.15,5,0,377,Jessica Leon,Williams-Moreno,"PSC 3040, Box 9946 APO AP 11064-1547"
43,6471.68,0,4.93,9,0,378,Wayne Clark,Brown-Coleman,"72663 John Turnpike West Ryan, NY 72119-1924"
45,9874.69,1,2.41,9,0,379,Alyssa Harper DDS,Garza-Alexander,"63593 Hector Mission South Williambury, IA 79862-2416"
44,8274.32,0,5.7,8,0,380,Brandon Compton,Sanchez-Cardenas,"202 Richard Extensions Apt. 994 Pamelachester, IL 73985-9604"
40,10638.66,0,4.35,10,0,381,Marc Price,Hayes-Hill,"9411 Robinson Corners Apt. 595 North Samuelborough, GA 97735"
40,9922.3,1,5.07,11,1,382,Jeffrey Hill,"Williams, Bautista and Carr","97907 Jensen Forge Brianmouth, AZ 69993-8000"
48,11740,1,4.97,11,1,383,Tammy Shepherd,Martin Ltd,"234 Gonzalez Terrace Santiagohaven, AZ 28918-5500"
39,18026.01,1,3.82,9,0,384,Ethan Cordova,Scott PLC,"482 Wells Mountain New Jason, AL 66002"
39,13574.53,1,5.69,10,0,385,Angela Ross,Miller-Ramirez,"1008 Ricky River Port Joshua, GA 42542"
42,13081.64,0,4.66,9,0,386,Stacy Marshall,Daniels LLC,"896 Kevin Orchard Apt. 755 West Rogerchester, KY 62941"
34,9228.84,1,5.29,12,1,387,Eileen Reyes,Curtis PLC,"0235 Taylor Lakes Suite 365 East Michaelfort, AZ 61409-7098"
39,5846.65,1,6.65,9,0,388,Lisa Munoz,Anderson Group,"504 Knight Lodge Apt. 985 Annastad, NV 86484"
47,7364.12,1,3.65,9,0,389,Kelly White,Allen LLC,"77842 Jeffrey Common North Johnnytown, ND 76045"
46,13296.89,1,4.81,6,0,390,Evan Davis,Willis-Bradshaw,"63845 Bell Mission Browninghaven, VA 72168"
38,9461.83,0,4.9,10,0,391,Barbara Singleton,Kennedy and Sons,"176 Cheryl Plains Suite 253 Harrisonmouth, PW 17373-8223"
45,8665.79,0,5.09,9,0,392,Dr. Kathleen Wiley,Clark Group,"1615 Angela Valley Henryfurt, ID 45145-3704"
48,8465.53,1,4.98,9,0,393,Katie Nichols,Murray Inc,"PSC 5066, Box 5675 APO AP 96072-8914"
41,14080.95,1,4.61,7,0,394,Michael Perry,Stone PLC,Unit 2093 Box 1530 DPO AA 53596-7800
52,5647.92,0,5.08,8,0,395,Shawn Hughes,Powell-Medina,"89503 Hurley Wells Suite 603 Port Garrettmouth, MI 00879"
46,8418.81,1,7.19,6,0,396,Jason Phillips,Davis-Bass,"8928 Benjamin Summit Suite 264 North Samanthabury, AR 01364-7776"
35,11830.36,1,4.41,6,0,397,Tony Soto,Nichols-Wade,"227 Jennifer Park Smithbury, TN 22659-9788"
46,11537.69,1,6.37,7,0,398,Anthony Hall,Kelly Group,"0910 Bell Mount West Lindseyview, MS 35802"
51,6662.59,1,5.27,9,0,399,Sarah Morgan,Braun-Cook,"2458 Tyler Flats Suite 696 Rebeccaburgh, VA 79274"
43,9399.92,1,4.98,8,0,400,Casey Hess,David-Woods,"132 Angela Station Suite 770 Hillfort, LA 66223-8625"
34,6131.92,0,4.17,9,0,401,Kenneth Fuller,"Campbell, Williams and Mccarty","12801 Mcdowell Meadows Suite 614 Port Susanshire, OH 89980"
40,11575.55,1,5.22,5,0,402,Doris Zimmerman,Mitchell-Adams,"3536 Rivera Springs Suite 771 New Marcusville, HI 22211-1439"
38,14693.45,1,7.01,10,1,403,Samantha Fisher,"Morris, Owens and Sullivan","961 Wright Plains Kimberlyborough, AZ 59809"
38,9087.9,0,2.7,10,0,404,Russell Marks,Mcknight and Sons,"310 Taylor Walks Apt. 649 Lake Shane, MD 23982"
38,11803.58,1,6.97,6,0,405,Jennifer Anderson,"Stewart, Sanchez and Valentine","521 Charles Lakes Lake Michaelland, NE 42708"
44,11424,1,5.98,10,1,406,Scott Chambers,"Davis, Cole and Thompson","9525 Allen Camp Apt. 362 West Dawnmouth, GA 04347"
39,3676.68,1,3.52,9,0,407,Lori Medina,"Garcia, Hansen and Austin","PSC 1874, Box 9238 APO AP 68299"
43,13116.73,0,3.57,9,0,408,Elizabeth Chandler,Morris Inc,USNS Garcia FPO AA 23264-4875
45,9773.22,1,3.79,10,0,409,Amanda Barnett,Lee Ltd,"205 Campbell Highway Port Wyatt, AK 84887-4000"
41,9923.79,1,4.75,13,1,410,April Freeman,"Larson, Ross and Ward","16914 Oconnell Forge Apt. 477 Atkinsonmouth, MD 32666"
48,11316.41,1,4.74,10,0,411,Mrs. Sherri Zhang,"Rodriguez, Acosta and Guerra",Unit 8716 Box 6865 DPO AE 33780
46,8941.92,1,5.43,9,0,412,Maria Stanley,"Conner, Munoz and Wilson","17836 Julie Drives North Thomas, MI 27198"
35,9435.2,1,6.23,7,0,413,Rose White,Vang-Stewart,"715 Ellis Squares New Kathleenland, NY 05913"
40,8066.94,1,7.11,11,1,414,Jennifer Lynch,Reed-Martinez,"363 Sandra Lodge Suite 144 South Ann, WI 51655-7561"
38,10367.14,0,5.92,9,0,415,David Carter,White Group,"478 Wilson Gateway Apt. 606 New Tanyafort, WA 18702"
41,10017.82,0,6,8,0,416,Todd Harris,"Henry, Warren and Lyons","28501 Shawn Village Apt. 894 New Jasonhaven, WY 35010-3731"
48,10241.32,1,7.25,7,0,417,Robert Allen,Williams Ltd,"510 Nicholas Island Suite 493 Buckchester, MO 58572-4430"
32,9036.27,0,7.14,11,0,418,Willie George II,"Murphy, Davis and Zimmerman",Unit 5118 Box 3795 DPO AA 27599
48,13298.38,0,2.99,8,0,419,Megan Flynn,"Smith, Shelton and Williams","86354 Brenda Manor Port Stevenmouth, NC 39915"
43,9735.41,0,6.12,8,0,420,James Owen,"Olson, Ortega and Hester","802 Jeffrey Valleys Kevinbury, WV 86701-9336"
45,9576.07,1,7.01,8,0,421,Tammy Pope,"Hays, Henson and Shelton","9490 Kathryn Tunnel Suite 480 Shaneland, GA 26165-9694"
47,12987.28,0,5.86,10,0,422,Cynthia Burns,"Perez, Miller and Mcdowell",USCGC Gould FPO AP 18053-9165
46,12122.19,0,7.53,11,1,423,Heather Murphy,"Petersen, Howard and Bowen","1264 Williams Views Suite 114 Port Isaac, AZ 31105-1539"
36,8233.25,1,4.35,7,0,424,Marissa Nguyen,Mueller LLC,"8541 King Spur Suite 184 Aliciafurt, CA 39457"
40,10762.29,0,5.02,7,0,425,Katie Khan,"Gutierrez, Jones and Winters","05418 Smith Brooks Richardfurt, DE 40166-1384"
47,10313.06,0,5.44,8,0,426,Juan Simmons PhD,Martinez PLC,"496 Watts Roads East Alejandro, NC 70921-5585"
39,9528.99,0,5.97,8,0,427,Jerome Pitts,Brock-Lee,"4909 Mcdonald Mews Johnsonmouth, CT 20707"
44,8474.11,0,6.61,14,1,428,Douglas Joseph,Clark PLC,Unit 9630 Box 8710 DPO AP 69319
35,11814.59,0,5.89,6,0,429,Sarah Burns,Frey-Burke,"01740 Cynthia Rest Apt. 545 Bassburgh, MN 95437-1761"
41,14069.41,1,1.62,10,0,430,Brenda Haley,Forbes LLC,USS Barr FPO AE 09092
51,4523.91,0,3.98,8,0,431,Christina Reed,Atkins Group,"53000 Mary Bypass New Markbury, IL 60012-4197"
31,10058.87,1,6.54,7,0,432,Amy Henderson,Knox-Davis,"85837 Thomas Dam Nicholasview, MT 98793-4972"
39,11680.91,1,6.35,7,0,433,David Anderson,Smith LLC,"63410 Mark Rapids North Christopherbury, NV 91856-5125"
42,4492.44,1,6.43,9,0,434,James Evans,Hughes Ltd,"17140 Andrea Motorway Apt. 798 Amychester, WV 88972-7283"
44,13915.9,0,4.61,9,0,435,Kayla Foley,"Campbell, Velasquez and Porter","636 Dana Spurs Apt. 334 West Amytown, NC 29641"
35,9766.95,1,4.59,13,1,436,James Newman,"Griffin, Tucker and Lee","1317 Dillon Gardens Michaelville, ME 91569-7889"
34,10466.56,0,5.34,7,0,437,Mrs. Ashley Guerra,Garza PLC,"3314 Lisa Row Suite 484 Port Stephanieview, KY 15941-8359"
36,8918.52,0,3.62,8,0,438,Alex Banks,Jones-Meyers,"2109 Moore Lights North Heatherberg, NY 99942"
38,7287.57,1,7.39,11,1,439,Russell Bauer,Chambers-Simmons,"83221 Hendricks Highway Garciastad, AZ 20046-4343"
37,8884.39,0,6.16,7,0,440,Pamela Bell,Jacobson PLC,"9249 Bradford Parkways Suite 173 Amandaside, AK 12919-8330"
47,6670.37,0,2.55,9,0,441,Deanna Henry,"Jones, Collins and Adams","62894 Summer Village Suite 944 Port Elizabeth, ID 67244-9988"
50,8929.88,0,5.63,7,0,442,Christopher Clark,Thompson-Mcdonald,"69666 Christian Forges Lake Noah, IL 14397"
45,8771.02,1,6.64,11,1,443,Bruce Phillips,Figueroa-Maynard,Unit 1895 Box 0949 DPO AZ 40249
45,9317.12,1,6.93,6,0,444,Rebecca Hamilton,Lee-Roman,"75047 Jones Ports Apt. 238 Port Zacharymouth, HI 02693"
36,11040.16,0,4.52,8,0,445,Cody Middleton,Lawrence and Sons,"86871 Jimenez Crest Suite 849 East Bruce, MO 68426-6342"
34,12813.91,0,2.41,7,0,446,Janet Hayden,"Bishop, Edwards and Webb","118 Linda Street Suite 025 Hunterberg, WA 50583"
44,10585.86,0,5.54,8,0,447,Travis Howell,Schroeder-Phillips,"946 Glass Cliffs Suite 105 Ashleemouth, GU 89701-5653"
55,11158.5,1,4.86,10,1,448,Lindsey Day,"Thompson, Hansen and Sanchez","85934 Dakota Mall Timothyville, AZ 72421"
43,9200.69,1,2.6,11,0,449,Colton Foster,"Jennings, Stout and Spencer","01690 Andrews Park Wrightville, IN 00886"
37,9772.95,1,3.81,8,0,450,Daniel Todd,Vega-Moss,"7960 Ryan Circles Wilcoxhaven, ME 98912"
48,4771.65,0,3.77,12,1,451,Amy Griffin,Larson-Hall,"062 Trevor Falls Suite 665 North Mathewchester, AZ 93744"
35,12871.79,0,4.64,12,1,452,Jennifer Carrillo,Ingram-Swanson,"659 Robertson Lake Lake Peggy, AZ 28993"
22,11254.38,1,4.96,8,0,453,Katherine Sandoval,"Monroe, Ferguson and White","3092 Theresa Neck Carrilloport, RI 12639-5926"
35,15571.26,0,6.45,9,0,454,Michael Williams,Petty and Sons,"5728 Michael Rue Riosland, NY 38804-1415"
36,14003.88,1,3.54,6,0,455,Charles Thompson,Sawyer and Sons,"066 Jenkins Walks Barbaramouth, LA 76409"
30,10183.98,1,5.14,9,0,456,Kyle Mcguire,"Smith, Salazar and Ward","1005 Kevin Mews Bennettmouth, VI 93240-6963"
32,8575.71,0,4.26,9,0,457,Brandon Wilson,"Parker, Hoffman and Pugh",Unit 6545 Box 5723 DPO AP 79461
41,12659.88,0,4.55,4,0,458,Adam Moore,"Little, White and Davis","339 Jeffrey River Suite 638 Fergusonville, DC 25987"
43,12524.68,0,5.98,10,1,459,Summer Haley,"White, Vargas and Moore","312 Wilson Oval Suite 872 East Michaeltown, AZ 40127-6212"
43,10944.65,1,2.62,9,0,460,Vanessa Hayes,Casey-Stevens,"820 Kristin Lock Suite 348 Emilyhaven, WI 45502-8866"
37,10989.43,0,6.62,10,0,461,Sarah Bailey,Spencer and Sons,"56493 Becker Stravenue Suite 006 West Anna, MS 49275"
44,9814.22,1,5.45,12,1,462,Joseph Harrell,"Fitzgerald, Sherman and Lowe",USCGC Bell FPO AE 94532
42,10268,0,5.33,6,0,463,Richard Meadows,"Thompson, Rojas and Moore","64425 Brittany Common Joycechester, NE 85166-7648"
46,7026.18,0,6.3,8,0,464,Jennifer Patterson,"Carlson, King and Murray","01546 Jared Key Justinview, OR 04118-6027"
38,10522.6,1,5.46,10,0,465,Matthew Dixon,Mata LLC,"498 Oliver Station Suite 474 Lake Traceyberg, NV 37689-1762"
48,8093.03,1,4.26,8,0,466,Joseph Anderson,Ingram LLC,"1317 Mcdaniel Plaza Suite 219 Colleenview, TX 81040-7425"
40,10041.13,0,7.61,11,1,467,Troy Oliver,Gates Ltd,USCGC Blake FPO AZ 66377-6894
44,11794.91,0,6.32,6,0,468,Greg Swanson,Jackson-Garcia,"446 Rodney Ridge Suite 282 West Williamside, MA 83236"
33,12115.91,1,5.5,9,0,469,Albert Clayton,"Mann, Roberts and Hoffman",Unit 6274 Box 5329 DPO AA 54598
34,12397.49,0,4.93,9,0,470,Ryan Brown,"Gutierrez, Garcia and Miller","91641 Wright Views Stephenstad, MT 83238-3650"
47,10584.71,0,6.05,8,0,471,Samuel Castillo,Jimenez-Thompson,"63139 Kristin Locks Suite 522 Lambton, WI 60723-5177"
44,11597.38,0,3.45,7,0,472,Carrie Williams,Tucker Inc,"895 Miller Key Suite 001 Port Craigport, TX 36874"
55,5024.52,0,8.11,9,1,473,Brittany Hopkins,Dixon-Love,"2529 King Knoll Apt. 210 Michelleshire, AZ 14266"
55,11555.42,0,4.86,10,0,474,Jonathan Ali,"Osborne, Bailey and Lam",Unit 7484 Box 5607 DPO AP 65812
48,10746.37,1,4.22,8,0,475,Adam Porter,Anthony-Wood,"92600 Kevin Cape South Sandraberg, NH 47456-5208"
43,9891.3,0,5.75,11,0,476,Jasmin Sullivan,Bailey-Rose,"22500 Paul Port Apt. 531 Nolanmouth, LA 85060-3073"
46,11401.63,0,6.13,5,0,477,Terry Diaz,"Charles, Cruz and Marshall",USNV Rose FPO AP 67907-1654
38,9347.47,0,8.47,8,0,478,Monica Hernandez,Finley-Moore,"8151 Ross Gardens Apt. 699 Randallton, NM 53386-6929"
37,14383.36,0,7.84,10,1,479,Kelly Carroll,"Juarez, Pugh and Vargas","8268 Baker Rapid Suite 712 Alexiston, AZ 05207-2057"
35,11255.38,0,6.28,4,0,480,Monica Todd,Peterson PLC,"104 Ruben Rapid Apt. 107 New Andrea, FM 58602"
33,4711.89,0,4.97,7,0,481,Heather Little,Vaughan Group,"158 Aaron Station Apt. 788 Millsport, VA 88018"
44,6498.85,0,6.34,9,0,482,Monique Neal,Moreno-Jacobs,"059 Sara Lodge Suite 123 Moorefurt, HI 95162-5163"
46,9982.55,1,4.75,7,0,483,Brian Morse,Robinson Inc,"7865 Gutierrez Expressway Suite 948 Tiffanyside, AR 59662-2367"
39,8801.86,1,4.43,10,1,484,Anna Bryant,Bennett Inc,"30668 Isabella Freeway Suite 428 Lake Kellyhaven, AZ 89074-5017"
38,7673,1,7.42,7,0,485,William Burns,"Santos, Hughes and Miller","432 Allen Station North Rebecca, MA 78424-2850"
31,9574.89,0,7.34,8,0,486,Michael Patterson,"Anderson, Brown and Montes","8392 Heather Camp Mackenziefurt, NE 44919-3028"
45,7351.38,0,5.76,11,1,487,David Montes,Watson-Hall,"666 Julie Ports Apt. 094 South Johntown, MO 10168-2804"
43,10491.4,1,4.23,8,0,488,Kyle Hinton,"Woods, Herrera and Fritz","7029 Fowler Pike Heathermouth, OK 59658-7247"
32,10716.75,0,5.12,8,0,489,Melissa Hall,"Bates, Montgomery and Rodriguez","550 Lindsay Bypass Suite 011 South Jamietown, MH 27730-3707"
45,9649.26,1,3.77,9,0,490,Matthew Huffman,"Johnson, Brown and Frazier","1651 Amber Court Lake Robert, ND 52826"
39,9303.36,0,4.19,10,0,491,Kristen Bishop,Underwood-Alvarado,"91214 Samuel Hill Apt. 375 New Josephfurt, PA 94380"
53,3263,1,2.77,9,0,492,Justin Campos,Hall-Butler,"3483 Davis Viaduct Guzmanmouth, RI 60858"
43,9060.28,1,4.95,6,0,493,Amy Stanley,Johnson-Nelson,"906 Kelly Courts Suite 424 Lake Michaelborough, NV 63970"
43,12691.45,0,4.45,11,0,494,Andrea George,"Johnson, Fields and Anderson","9089 Jennifer Brooks Suite 571 New Lisa, WA 53342-5359"
39,8880.17,0,4,8,0,495,Amanda Wade,"Jordan, Beasley and Moore","869 Kathleen Dam Apt. 113 East Robertshire, SC 50012-1080"
52,7170.66,1,4.53,7,0,496,Nicole Richards,Fisher-Hamilton,"0667 Bennett Forge Ingramchester, VI 46819-7446"
37,9191.58,0,5.56,9,1,497,Cynthia Norton,Love-Jones,"765 Tricia Row Karenshire, AZ 71730"
45,13896.99,0,4.26,8,0,498,David Grant,"Bryan, Small and Meyer","2974 Melvin Fords Suite 760 East Jacob, PR 90451-9722"
36,4690.57,1,5.41,8,0,499,Rebecca Prince,Sandoval-Mcgrath,"209 Daniel Springs Suite 388 Port Courtneybury, PW 27640-7474"
54,10216.59,0,2.77,7,0,500,Paul Wilson,"Williams, Mcintyre and Burns","8764 Wilson Plaza New Sharonview, MT 83968"
41,10028.23,1,5.52,9,0,501,Mark Gordon,Cole-Johnson,"56171 Hunt Fall Herreratown, OR 59549"
43,15423.03,1,2.41,7,0,502,Katie Wagner,"Galloway, Thornton and Diaz","4331 Tyler Fall Williamfurt, NC 10542-4839"
47,11335.97,0,6.84,6,0,503,Elizabeth Kennedy,"Davis, Curry and Wallace","07770 Henry Ways Suite 523 Larsonchester, NE 05818"
45,12455.38,0,3.26,11,1,504,Jose Lee,Nelson LLC,"036 Hunter Heights Suite 701 New Rickey, AZ 95539-9622"
55,5720.98,1,6.63,8,0,505,Laura Williams,Mcneil-Hayes,"147 Antonio Roads South Sara, KY 70646-6480"
43,8950.33,0,6.76,9,0,506,Ann White,Hancock LLC,"91968 Pena Stream Apt. 094 New Justin, GU 24101"
41,13135.26,1,5.27,9,0,507,John Hawkins,Smith Ltd,"941 Alan Glens Suite 569 Shannonborough, NM 03091-2099"
51,9879.37,0,3.55,10,0,508,Diana Jackson,Stephens-Chavez,USNS Burnett FPO AA 61045
47,10718.97,0,5.74,7,0,509,Mark Murphy,Moore-Rios,"64471 Joel Bypass Apt. 162 Lake Alyssabury, WA 71324-8954"
41,6569.87,1,4.3,11,1,510,Harold Griffin,"Snyder, Lee and Morris","1774 Peter Row Apt. 712 New Autumn, AZ 18782"
37,7239.49,1,5.01,9,0,511,Kimberly Carrillo,Rodriguez PLC,"513 Bullock Alley New Diane, NM 39999"
40,11434.61,1,8.51,10,1,512,Joseph Mitchell,Lee LLC,"3422 Zhang View Estradabury, SC 66970-2923"
37,11416.56,0,6.06,6,0,513,Eric Smith,Thomas-Curtis,"166 Julie Vista Apt. 132 Lake Sarahborough, HI 29875"
41,9574.64,1,3.72,7,0,514,Michael Colon,Guzman Group,"1293 John Tunnel Apt. 730 Lake Tara, NH 26653-6543"
45,6681.61,1,5.6,8,0,515,Laura Smith,"West, Gonzales and Shields","1723 Galloway Groves Apt. 026 Timothystad, PR 36052-9128"
44,12721.55,0,5.18,11,1,516,Darlene Evans,Dunlap and Sons,"950 Christina Viaduct Anastad, AZ 03324-2274"
39,11670.73,0,6.45,8,0,517,Samantha Flores,Williams PLC,"793 Powell Fort Amandaview, GA 95747-4560"
38,11227.39,1,5.71,9,0,518,Steven Price,Tran-Morris,"586 Gregory Gateway Suite 935 Port Deborah, OK 46332"
33,10309.71,1,2.96,7,0,519,Crystal Smith,"Chan, Patterson and Smith","893 Carla Trace Suite 132 Lake Aliciaport, AR 87567"
44,10638.65,0,5.54,6,0,520,Margaret Moore,Wright PLC,"2556 Grant Points New Christopherton, CA 76121-6565"
37,10147.22,0,6.63,8,0,521,David Moran,"Harris, Mcdonald and Johnson","278 Barbara Divide Suite 780 North Elizabeth, SC 44587-8722"
38,9419.66,1,5.24,9,0,522,Gregory Chandler,Gomez-Petersen,"863 Marquez Brooks West Tommychester, MT 16982-2044"
44,12400.33,1,5.18,3,0,523,James Stevens,Sims-Cole,USNV Johnson FPO AA 53865-7362
35,10550.87,1,5.72,9,0,524,David Allen,Smith PLC,"2900 Daniel Extension South Theodorefurt, OH 44883"
34,11687.29,0,4.54,7,0,525,Mark Choi,Estrada-Golden,"688 Tiffany Fork Wallacemouth, ND 74929-3917"
34,13976.64,0,5.16,8,0,526,Brendan Higgins,Ballard-Allen,"10155 Alison Tunnel Suite 682 Gonzalesside, GA 06335"
36,12086.92,1,5.52,6,0,527,William Pacheco,Wilkerson-Miller,"PSC 6149, Box 2267 APO AA 69767-2977"
37,6362.93,1,6.8,7,0,528,Lauren Walker,Young-Newman,"599 Graham Courts North Katherine, WI 92642"
39,5914.3,1,2.3,9,0,529,David Payne,Aguirre LLC,"882 Schneider Inlet Paigeburgh, NJ 33304"
44,8755.02,1,5.71,8,0,530,Brian Love,Quinn and Sons,"43677 Smith Mission Meganview, VA 54055"
54,8207.1,0,4.26,11,1,531,Steven Hernandez,"Yates, Martinez and Cox","14609 Perez Turnpike Bradleyberg, DE 99755"
42,11654.34,0,5.06,10,0,532,Thomas Spears,"Chandler, Rivera and Fleming","5651 Ryan Roads Apt. 091 New Jenniferstad, OR 83943-6211"
49,11321.2,0,4.89,10,0,533,Cassandra Proctor,"Smith, Moran and Gonzales","1780 Sherry Circle Ruizbury, WI 73815-9062"
40,4762.81,1,5.12,10,0,534,Christian Mann,Gallagher-Foster,"53545 Susan Views Suite 594 New Pamela, OK 73980-0288"
40,7819.46,1,4.77,9,0,535,Rachel Hull,Taylor LLC,"02794 Edward Summit Suite 660 Victoriahaven, TN 44165"
38,11667.01,0,3.8,8,0,536,Karen Wade,Mitchell-Clark,"726 Jackson Lakes Apt. 693 Kennethshire, NM 58470-9850"
36,12252.57,0,5.13,8,0,537,Jose Rowland,"Ross, Martinez and Dawson","186 Macdonald Causeway Woodstown, KY 52059-9294"
42,8934.99,1,6.21,8,0,538,Laura Turner,"Johnson, Myers and Martinez","46278 Austin Views Apt. 675 Port Paulfurt, KS 08809-6244"
37,12766.24,0,3.72,9,0,539,Sandra Hogan,Yu-Murillo,"12928 Heather Island Apt. 889 East Michelle, KY 96712-4016"
33,12249.96,0,2.96,8,0,540,Jay Hunter,Ayers-White,"1294 Greer Run Apt. 108 South Justin, FM 28734"
44,8841.3,1,6.08,7,0,541,Nicholas Porter,Thompson-Savage,Unit 8567 Box 8741 DPO AA 63221
45,11486.53,1,5.5,7,0,542,Henry Cook,"Newton, Shepard and Berg","071 Michelle Green New Jasonview, AL 90525-9261"
40,11873.76,1,6.5,8,0,543,Michael Anderson,"Matthews, Burns and Miller","92927 Chavez Fork Brownhaven, WV 20848-9320"
29,9617.59,0,5.49,8,0,544,Alan Gray,Mendoza Inc,"9278 Jenna Ways Apt. 628 West Ryan, CA 06819-5978"
48,7232.06,1,4.9,6,0,545,Carla Wolfe,Ross Group,"67507 Brittany Prairie Apt. 279 Solisborough, VA 81388-7017"
41,11916.22,0,6.5,11,1,546,Kevin Mueller,Wilson PLC,"6157 Frank Gardens Suite 019 Carloshaven, AZ 17756"
25,9672.03,0,5.49,8,0,547,Gail Lopez,"Chapman, Howard and Campos",Unit 8122 Box 5528 DPO AP 49927
49,8092.13,0,6.32,5,0,548,Rodney Evans,Simmons Inc,"025 Ricky Ford East John, AS 71101-1423"
39,9315.6,1,5.02,10,0,549,Joseph Williams,Davis Group,"27252 Olivia Burgs Rivasmouth, MN 80121-6348"
45,13118.56,0,4.89,7,0,550,Paula Rivera,"Rodriguez, Mcguire and Johnson","2518 Vargas Highway Suite 437 Port Briannaburgh, PA 26077"
42,9091.99,0,5.85,6,0,551,Ann Johnson,Walker Ltd,"2091 Sims Ranch Lauraborough, KS 59292-0985"
56,9940.54,1,6.57,7,0,552,Jeffrey Hernandez,Thompson-Elliott,"2739 Jackson Mission Rojashaven, WI 86960"
43,10938.11,0,3.21,8,0,553,Mrs. Brittany Lopez,Brown-Weaver,"2493 Robert Road South Denise, IA 86444"
51,12780.22,0,6.06,7,0,554,Justin Moore,"Callahan, Miller and Wallace","7790 Paul Street Sandraside, AR 55085"
58,9703.93,0,5.16,11,1,555,Robert Russo,Hanna-Leonard,"976 Thomas Garden Lake Chad, AZ 12638-0139"
35,7814.68,1,5.99,9,0,556,Stefanie Whitaker,King-Frye,"7967 Waters Way Suite 678 New Ericport, HI 48528"
49,7904.67,0,5.58,6,0,557,Richard Gonzalez,Lee and Sons,"PSC 2039, Box 7808 APO AP 35117"
50,10358.08,0,5.41,8,0,558,Leslie Lopez,Copeland Inc,"7364 Jessica Way New Jeremyside, ND 50029"
34,7818.13,0,6.11,8,0,559,Wanda Hess,Mccarty-Stevens,"3334 Alvarez Streets Apt. 358 Joyceton, MH 42340-8249"
40,8283.32,1,5.1,13,1,560,Nicole Olson,"Smith, Kim and Marshall","11488 Weaver Cape Hernandezberg, WI 63417-8544"
34,5447.16,1,4.13,9,0,561,Justin Roman PhD,"Horton, Byrd and Hernandez","489 Daniel Way Suite 895 West Yeseniamouth, ME 71475"
50,8193.77,0,5.13,8,0,562,Troy Burke,Austin LLC,"2819 Wright Summit Nicholasmouth, CT 05051-3807"
39,13091.92,1,4.74,9,0,563,Tamara Keith,Mueller Ltd,"82367 Austin Square Suite 115 New Cheyenne, UT 08356-0301"
42,9625.89,1,5.84,9,0,564,William Perkins,Mills-Howe,"54740 Jeffrey Place Apt. 914 Amandaland, MI 87447"
29,12711.15,0,5.74,7,0,565,Darlene Cain,Velasquez PLC,"33852 Susan Pine Apt. 606 Lake Spencer, KY 80977"
47,9004.44,0,3.79,8,0,566,Carlos Miller,Weaver Inc,"506 Arnold Greens Apt. 335 South Kyleton, DC 78683"
40,6773.23,1,4.29,11,0,567,Crystal Mccullough,Hall-Branch,"323 Adams Circles Andersonmouth, VI 05122-6749"
48,6495.01,1,5.57,12,1,568,Adam Gomez,Thompson Group,"2889 Coffey Parks Browningmouth, AZ 14924-9744"
39,6351.79,0,5.86,6,1,569,Alexis Hill,Campbell and Sons,"335 Dyer Shoals Port Patricia, PR 84461-1647"
40,11338.94,0,6.23,7,0,570,Jacob Gutierrez,Parrish LLC,"8489 Christopher Circles Apt. 542 Sarahmouth, AL 61019-4480"
42,8218.63,0,5.9,9,0,571,Johnny Jones,Taylor Group,"275 Mitchell Stravenue Barnesmouth, AZ 23615"
35,13680.25,1,5.79,9,0,572,William Newman,Williams-Charles,"3785 Duran Lodge Port Nicholashaven, MH 08892-1815"
41,14738.09,1,6.5,8,0,573,Jessica Wells,Sullivan-Ramsey,"57837 Tammy Bridge Apt. 904 Lake Lindsey, NM 53078-4180"
40,6402.3,0,4.28,7,0,574,Jay Mosley,"Martinez, Gonzales and Williams","885 Samantha Estates Apt. 694 Michaelland, NC 35223"
46,10050.61,0,4.99,7,0,575,Billy Garner,Brooks Inc,"68569 Sharon Centers Apt. 331 West Ryanport, FM 66389-2936"
38,10005.91,1,5.44,9,0,576,Peggy Rodriguez,Brown LLC,"21549 Williams Ways Suite 186 East Crystalville, NV 65321"
38,8473.65,1,4.78,7,0,577,Justin Friedman,Garcia-Johnson,"9195 Erin Terrace Suite 818 Lake Feliciaberg, NV 64016-8747"
44,8817.22,1,6.53,10,0,578,Lawrence Gordon,"Austin, Roberts and Cox","4041 Wise River Suite 828 West Todd, AR 08725-4767"
41,10806.13,1,4,6,0,579,Dr. Lauren Brown,Morales PLC,"964 Long Road Suite 539 New Sharonmouth, ID 56171-3878"
48,9282.99,0,4.32,6,0,580,Sonya Lewis,"Bowman, White and Shepherd","191 Timothy Villages Suite 755 New Jamestown, NY 42120-2598"
53,9655.25,0,4.44,10,0,581,Tami Smith,Neal and Sons,"30920 Bell Passage Suite 036 Annafort, PR 57518-0173"
38,11621.67,1,6.11,9,0,582,Ashley Jacobs,Williamson-Walker,"018 Mark Centers Suite 973 Mckinneyland, VT 26361-8406"
46,12849.1,0,4.97,8,0,583,Molly Young,"Silva, Wolfe and Ross","54656 Grant Junctions Suite 070 New Toni, NM 42346"
45,10668.91,0,7.21,8,0,584,Tina Schmidt,Hall Ltd,"253 Megan Drive Apt. 447 Berryport, AL 03400-5942"
38,7713.12,1,5.41,9,0,585,Shane Jones,Wise Inc,"PSC 2239, Box 8378 APO AA 67843"
46,7504.79,0,5.98,8,0,586,Aaron King,Hernandez PLC,"38346 Smith Prairie Arnoldside, MD 33861-4885"
31,8688.21,0,3.58,7,0,587,Cynthia Daniels,Jackson-Terry,"496 Klein Ports Quinnstad, NE 67656"
36,11550.29,0,6.46,13,1,588,Stephanie Gonzales,Young-Dunn,"437 Alex Glens Melindaburgh, ID 78010-8240"
43,11334.3,0,3.47,9,0,589,Nicholas Williams,Haley Inc,"600 Rachel Manor Port Mary, SD 03631-0936"
38,10494.82,1,6.81,12,1,590,James Wright,Sanders-Pierce,"45408 David Path East Kimberlyshire, AZ 54903-6698"
41,11738.88,0,7.27,9,0,591,Faith Sanchez,Frazier and Sons,"390 Johnson Glen Apt. 475 East Dawnbury, ME 42067"
41,11968.78,0,5.08,6,0,592,Keith Robertson,Spencer Group,"52601 Burns Lane West Courtney, TN 00410-3545"
52,9065.28,0,3.99,5,0,593,Tammy Williams,Lawrence-Johnson,"6720 Barbara Square Christopherchester, UT 54226"
33,7492.9,0,6.71,7,0,594,Daniel Thompson,Maldonado-Goodwin,"243 Laura Gateway Mitchellport, FL 53705-6256"
36,7342.14,0,5.51,8,0,595,Michael Knox,Scott and Sons,"0115 Carter Camp Suite 403 New Andreashire, OK 92778"
38,11360.99,0,4.5,7,0,596,Anna Wood,Miranda-Sloan,"33021 Cody Falls Apt. 693 Bellfort, NM 76335-9037"
36,11047.43,0,5.98,8,0,597,James Franklin,"Wright, Myers and Garcia","399 Herbert Key Port Thomas, PR 14265"
37,13268.55,0,3.92,11,0,598,Jeffrey Trevino,Price-Ramirez,"0295 Mason Vista Suite 110 Ryanbury, IA 14087"
48,9722.23,1,5.98,6,0,599,Mrs. Elizabeth Salas,Hall-Berger,"393 Underwood Court Apt. 802 East Christopher, FM 75364"
45,15188.65,0,6.17,8,0,600,Brandon Hunter,Ramos PLC,"285 Rhonda Harbors Trevinochester, TX 18888-5407"
38,13366.66,1,5.64,7,0,601,Robert Adams,Powers Ltd,"675 David Bypass Suite 331 West Andrea, VA 63193"
41,14429.41,1,5.51,11,1,602,Hailey Sanchez,Evans-Wagner,"78018 Ariana Crest Suite 467 North Tamara, AZ 84527"
49,9957.26,0,4.76,7,0,603,Kevin Hicks DDS,"Cooper, Mcguire and Nguyen","096 Dunn Street Jasonshire, NC 06461-2275"
42,10807.46,1,6.74,7,0,604,Kevin Gordon MD,"Dougherty, Guzman and Martin","66383 Williams Brooks Lake Richardside, NJ 36694"
32,12547.91,0,7.78,10,0,605,Jeffery Ferguson,Watts Ltd,"1599 Rush Crescent Apt. 982 Bowmanchester, TX 33118-6129"
37,12410.67,0,6.12,6,0,606,Kristin Williams,Warner Group,"942 Becker Inlet West Cassandramouth, NH 64437-6741"
42,7915.44,1,6.17,8,0,607,Kathleen Reid,Williams PLC,Unit 7599 Box 9818 DPO AP 02154
49,8131.64,1,7.1,7,0,608,Zachary Sanchez,Dawson-Porter,"39704 Troy Pines Suite 887 South Amber, WI 13510"
42,11473.38,1,2.87,10,0,609,Andrea Salas,Blackwell PLC,"308 Graham Corners Valeriehaven, SC 12062"
37,11294.26,0,4.95,10,0,610,Sharon Hull,Bradley-White,USCGC Collier FPO AE 40469-8677
33,7720.61,1,4.97,10,0,611,William Branch,Mullen and Sons,"90937 Andres Springs Apt. 164 Lindaland, TX 51026-5011"
47,6398.91,1,5,8,0,612,Sara Campbell,Conner LLC,"931 Soto Bridge Apt. 205 Michelleland, NM 64707-3332"
43,12068.39,1,3.59,7,0,613,Andrew Moreno,Williams Group,"60669 Rivera Lights Suite 982 Michaelside, AK 96751"
51,13762.79,0,7.52,9,0,614,Becky Cardenas,Lewis LLC,"9103 David Drives Wilsonport, PA 79287"
44,7193.84,0,6.22,7,0,615,Brenda Ruiz,Avery Inc,"34011 Montgomery Terrace Reynoldsmouth, MI 62031-7230"
48,10356.02,0,5.12,8,1,616,Jessica Williams,Kelly-Warren,"6187 Olson Mountains East Vincentborough, PR 74359"
36,8878.96,1,4.66,9,0,617,Jesse Mitchell,"Dunn, Hopkins and Adams","4563 Rebecca Rest Lisaville, GA 03268"
31,5387.75,0,6.83,9,0,618,Kathleen Salazar,Morales-Miles,"226 Zimmerman Haven Suite 223 Lake Jennifer, IN 39817"
41,6535.91,0,4.83,11,0,619,Erik Martinez,Martinez-Roberts,"9780 Michelle Gateway Apt. 049 Lake Gabriellemouth, OK 06225"
54,13184.51,0,6.04,8,0,620,Matthew Jacobs,"Nichols, Carter and Goodman","507 Harris Summit East Kevin, WY 06036-0197"
51,9764.39,1,6.03,8,0,621,Beth Barnes,"Allen, Parker and Washington","763 Jillian Vista Suite 240 East Kurt, VI 53651"
44,12361.42,1,3.7,10,0,622,Ryan Chapman,Williams Ltd,"PSC 3188, Box 1421 APO AA 49368-5290"
46,12873.63,1,5.73,7,0,623,David Murray,"Lawson, Lee and Robertson","8008 Steven Shore North Richard, PW 07747"
31,10182.6,1,3.77,8,0,624,Jeremy Garcia,King LLC,"0414 Ellis Creek Apt. 971 Gailberg, WV 99255-4310"
38,15509.97,0,4.65,8,0,625,Catherine Johnston,"Thomas, Marks and Hurst","590 Ware Mission East Markhaven, PR 46489"
41,11789.33,0,4.61,9,0,626,John Harris,Barrett-Carrillo,"6339 Julie Canyon Apt. 275 Marshallchester, OK 68644"
39,11490.75,0,4.93,8,0,627,Cameron Brown,Shaw-Jackson,"783 Reyes Extension Suite 224 North Angela, IA 45864"
46,11538.57,1,7.93,10,0,628,Robert Joseph,Cortez Inc,"95222 Lisa Turnpike South Laurenburgh, NC 33273-8443"
37,10314.67,1,5.86,8,0,629,Chris Sutton,Collins Ltd,"858 Booth Points South Davidside, CA 92136-1145"
36,13308.01,0,5.07,8,0,630,Nancy Thompson,Garcia-Mckinney,"847 Holly Loaf Apt. 839 East Nancyberg, DC 64194-2557"
